{
  "Routes": [
    {
      "DownstreamPathTemplate": "/api/auth/{everything}",
      "DownstreamScheme": "http",
      "DownstreamHostAndPorts": [
        {
          "Host": "localhost",
          "Port": 5001
        }
      ],
      "UpstreamPathTemplate": "/gateway/auth/{everything}",
      "UpstreamHttpMethod": ["GET", "POST", "PUT", "DELETE", "OPTIONS", "PATCH"]
    },
    {
      "DownstreamPathTemplate": "/api/foldertemplate/{everything}",
      "DownstreamScheme": "http",
      "DownstreamHostAndPorts": [
        {
          "Host": "localhost",
          "Port": 5001
        }
      ],
      "UpstreamPathTemplate": "/gateway/foldertemplate/{everything}",
      "UpstreamHttpMethod": ["GET", "POST", "PUT", "DELETE", "OPTIONS", "PATCH"]
    },
    {
      "DownstreamPathTemplate": "/api/user/{everything}",
      "DownstreamScheme": "http",
      "DownstreamHostAndPorts": [
        {
          "Host": "localhost",
          "Port": 5001
        }
      ],
      "UpstreamPathTemplate": "/gateway/user/{everything}",
      "UpstreamHttpMethod": ["GET", "POST", "PUT", "DELETE", "OPTIONS", "PATCH"]
    },
    {
      "DownstreamPathTemplate": "/api/folder/{everything}",
      "DownstreamScheme": "http",
      "DownstreamHostAndPorts": [
        {
          "Host": "localhost",
          "Port": 5002
        }
      ],
      "UpstreamPathTemplate": "/gateway/folder/{everything}",
      "UpstreamHttpMethod": ["GET", "POST", "PUT", "DELETE", "OPTIONS", "PATCH"]
    },
    {
      "DownstreamPathTemplate": "/api/userTemplate/{everything}",
      "DownstreamScheme": "http",
      "DownstreamHostAndPorts": [
        {
          "Host": "localhost",
          "Port": 5002
        }
      ],
      "UpstreamPathTemplate": "/gateway/userTemplate/{everything}",
      "UpstreamHttpMethod": ["GET", "POST", "PUT", "DELETE", "OPTIONS", "PATCH"]
    },
    {
      "DownstreamPathTemplate": "/api/dmsforms/{everything}",
      "DownstreamScheme": "http",
      "DownstreamHostAndPorts": [
        {
          "Host": "localhost",
          "Port": 5001
        }
      ],
      "UpstreamPathTemplate": "/gateway/dmsforms/{everything}",
      "UpstreamHttpMethod": ["GET", "POST", "PUT", "DELETE", "PATCH"]
    },
    {
      "DownstreamPathTemplate": "/api/splitanduploadfile/{everything}",
      "DownstreamScheme": "http",
      "DownstreamHostAndPorts": [
        {
          "Host": "localhost",
          "Port": 5002
        }
      ],
      "UpstreamPathTemplate": "/gateway/splitanduploadfile/{everything}",
      "UpstreamHttpMethod": ["GET", "POST", "PUT", "DELETE"]
    },
    {
      "DownstreamPathTemplate": "/api/filerecord/{everything}",
      "DownstreamScheme": "http",
      "DownstreamHostAndPorts": [
        {
          "Host": "localhost",
          "Port": 5001
        }
      ],
      "UpstreamPathTemplate": "/gateway/filerecord/{everything}",
      "UpstreamHttpMethod": ["GET", "POST", "PUT", "DELETE", "OPTIONS", "PATCH"]
    },
    {
      "DownstreamPathTemplate": "/api/userdmsforms/{everything}",
      "DownstreamScheme": "http",
      "DownstreamHostAndPorts": [
        {
          "Host": "localhost",
          "Port": 5002
        }
      ],
      "UpstreamPathTemplate": "/gateway/userdmsforms/{everything}",
      "UpstreamHttpMethod": ["GET", "POST", "PUT", "DELETE", "OPTIONS", "PATCH"]
    },
    {
      "DownstreamPathTemplate": "/api/file/{everything}",
      "DownstreamScheme": "http",
      "DownstreamHostAndPorts": [
        {
          "Host": "localhost",
          "Port": 5002
        }
      ],
      "UpstreamPathTemplate": "/gateway/file/{everything}",
      "UpstreamHttpMethod": ["GET", "POST", "PUT", "DELETE", "PATCH"]
    },
    {
      "DownstreamPathTemplate": "/api/batchshare/{everything}",
      "DownstreamScheme": "http",
      "DownstreamHostAndPorts": [
        {
          "Host": "localhost",
          "Port": 5002
        }
      ],
      "UpstreamPathTemplate": "/gateway/batchshare/{everything}",
      "UpstreamHttpMethod": ["GET", "POST", "PUT", "DELETE"]
    }
  ],
  "GlobalConfiguration": {
    "BaseUrl": "http://localhost:5000"
  }
}
